Seller ID,Product Name,Category,Stock,Cost Price,MRP,Seller Rating,Total Customers,Sale Price,Sales Volume
67109a520d3fa973603a0d35,"SAMSUNG Galaxy A14 5G (Dark Red, 128 GB)  (6 GB RAM)",Electronics,349,7500,20999,5,0,10999,0
67109a520d3fa973603a0d35,Samsung 25W Charger,Electronics,1000,400,1199,5,0,899,0
67109a520d3fa973603a0d35,"SAMSUNG Galaxy A14 5G (Black, 128 GB)  (6 GB RAM)",Electronics,782,7500,20999,5,0,10999,0
67109a520d3fa973603a0d35,"SAMSUNG Galaxy A14 5G (Light Green, 128 GB)  (6 GB RAM)",Electronics,654,7500,20999,5,0,10999,0
67109a520d3fa973603a0d35,"SAMSUNG Galaxy S24 Ultra 5G (Titanium Gray, 512 GB)  (12 GB RAM)",Electronics,32,98500,144999,5,0,116999,0
67109a520d3fa973603a0d35,"SAMSUNG Galaxy S24 5G (Amber Yellow, 128 GB)  (8 GB RAM)",Electronics,156,52000,74999,5,0,61123,0
67109a520d3fa973603a0d35,"SAMSUNG Galaxy S24 5G (Cobalt Violet, 256 GB)  (8 GB RAM)",Electronics,156,56000,79999,5,0,63990,0
